"age","gender","race","income","education","stratum","strata_n","m1Am","m1Bmfit","m1Bmupr","m1Bmlwr","m2Bmfit","m2Bmupr","m2Bmlwr","m2BmfitL","m2BmuprL","m2BmlwrL","m2BmF","mean_bmi","mean_obesity","rank"
"young","male","white","ilow","elow","youngmalewhiteilowelow",392,25.4153152100421,25.359555098106,25.9533698185857,24.8617032708958,0.146046502755746,0.180192779583239,0.115963669833289,-1.77472588659802,-1.50882558236296,-2.03469143789783,-1.6355527525484,25.2984407785846,13.7755102040816,9
"young","male","white","ilow","emid","youngmalewhiteilowemid",533,25.5734230872802,25.5222896347155,26.0443438297693,25.0531231966132,0.147331070338898,0.178790337910939,0.117430406611146,-1.75954737867076,-1.53901796484489,-2.00169527885003,-1.66916813539756,25.4972353243276,14.2589118198874,12
"young","male","white","ilow","ehigh","youngmalewhiteilowehigh",117,25.4694537272304,25.2831159038245,26.0806085080365,24.4733245812379,0.137909026135144,0.187341419349552,0.102867028536747,-1.83667093383319,-1.48782073438852,-2.16549805950149,-1.78210545983693,25.0931124891709,12.8205128205128,7
"young","male","white","imid","elow","youngmalewhiteimidelow",220,26.3775356288219,26.2458831958662,26.8888452408191,25.6116860909684,0.184410341844993,0.232604314637544,0.144614002427224,-1.48750517433471,-1.19711672023239,-1.79001486494126,-1.54625445681614,26.3133192720867,19.0909090909091,36
"young","male","white","imid","emid","youngmalewhiteimidemid",660,26.2792699770758,26.2312856479299,26.7125163802159,25.7442229109586,0.178657269250896,0.212511176826271,0.150137189568773,-1.52901678868465,-1.3103999122096,-1.73964138037041,-1.5798698396653,26.2529614693539,18.1818181818182,35
"young","male","white","imid","ehigh","youngmalewhiteimidehigh",259,26.7744311273605,26.6103494980623,27.255093854027,25.9817371863746,0.17820277525138,0.223208661391883,0.140139995891867,-1.53299103264741,-1.2499533912913,-1.82473557929906,-1.69280716410467,26.7703488498134,19.3050193050193,68
"young","male","white","ihigh","elow","youngmalewhiteihighelow",92,26.6580547917252,26.3998368957659,27.1628038283542,25.5453511610006,0.167571945849202,0.224492050476596,0.122677639104803,-1.60592529285803,-1.25872136343802,-1.95345211182395,-1.5863599627057,26.604905497812,16.304347826087,49
"young","male","white","ihigh","emid","youngmalewhiteihighemid",509,26.0425326533037,26.0053201775605,26.5328558163844,25.443590749559,0.173090798651105,0.210894369716427,0.142953509192844,-1.5524383238122,-1.32645622271421,-1.79727425258241,-1.61997534555486,25.9931030163044,17.6817288801572,29
"young","male","white","ihigh","ehigh","youngmalewhiteihighehigh",994,26.4117387670863,26.3789241435894,26.8099561874293,25.9479158361806,0.15446431246138,0.180781769241608,0.129210465510368,-1.70205639185797,-1.51298521874581,-1.90424401943014,-1.73291266999423,26.3986590444089,15.4929577464789,45
"young","male","black","ilow","elow","youngmaleblackilowelow",215,26.2496555789498,26.1199885797083,26.8000949081269,25.4613672132966,0.194375458784894,0.243082509522205,0.155857619731159,-1.40987130481282,-1.12916188890791,-1.70564482883133,-1.50974549127796,26.1643585742348,20.4651162790698,31
"young","male","black","ilow","emid","youngmaleblackilowemid",290,25.5538404669079,25.4973793433845,26.1004624350197,24.8885540938296,0.14969623187457,0.190297894853996,0.119645317740084,-1.7291346194454,-1.44599838339788,-2.02461510050811,-1.54336087412711,25.4115888841817,13.448275862069,11
"young","male","black","ilow","ehigh","youngmaleblackilowehigh",44,27.0419214360744,26.4080889075459,27.4073081066039,25.538792119752,0.184763517928469,0.248160979832834,0.134284846750526,-1.48653961660609,-1.08564106314772,-1.88175574873616,-1.65629819856648,27.2180918070779,27.2727272727273,51
"young","male","black","imid","elow","youngmaleblackimidelow",109,26.3428138792281,26.2590431873756,27.0322756919276,25.4451701031069,0.181621933899748,0.237232203803252,0.13838011157045,-1.50046972232873,-1.1740207730817,-1.84521704574955,-1.4204471955457,26.2027126758118,16.5137614678899,40
"young","male","black","imid","emid","youngmaleblackimidemid",295,26.389325211455,26.3482677940671,26.9853828026482,25.7317493118927,0.193757545564762,0.239126024952164,0.155836371137018,-1.43103804622954,-1.15047397572959,-1.69608970537247,-1.45406257839486,26.3427511365928,19.6610169491526,44
"young","male","black","imid","ehigh","youngmaleblackimidehigh",70,26.266786925778,26.1050089342918,27.0269218041596,25.1952501261251,0.186139581661098,0.244704369586364,0.138836578352506,-1.48320976190326,-1.12015295139121,-1.84120834675265,-1.56699990283423,26.012862663991,21.4285714285714,30
"young","male","black","ihigh","elow","youngmaleblackihighelow",39,26.6584839819508,26.4012973134895,27.3460172585232,25.3945421937778,0.186466752573964,0.248618969312215,0.137968457778317,-1.47097400709883,-1.08778427887057,-1.87860785528433,-1.46055270143526,26.5334685654443,17.948717948718,50
"young","male","black","ihigh","emid","youngmaleblackihighemid",127,26.7268025710862,26.5851645436174,27.3242422143548,25.7876385125777,0.183550857218778,0.23767284445243,0.13751103246062,-1.50124599443199,-1.15175375846431,-1.82901876215858,-1.49416808428441,26.7061271331028,18.1102362204724,64
"young","male","black","ihigh","ehigh","youngmaleblackihighehigh",156,27.2516276970257,27.0032620800934,27.7486546128592,26.2946897068733,0.205754705171963,0.25983411464544,0.158953285501754,-1.34802484580967,-1.05561921507719,-1.64887933251354,-1.60710540872378,27.3455853775264,24.3589743589744,88
"young","male","brown","ilow","elow","youngmalebrownilowelow",1190,25.2567065802575,25.2343636150351,25.6510989062387,24.8228869025016,0.139613662967079,0.162310481183788,0.117071424436682,-1.82652175642929,-1.62708678656666,-2.00243103812993,-1.62570856089016,25.2138175323197,13.4453781512605,4
"young","male","brown","ilow","emid","youngmalebrownilowemid",1394,25.3155452425503,25.2893331657843,25.7106941139203,24.8635260611023,0.134580648901457,0.158050794958726,0.114582977099252,-1.86405443616876,-1.69488311336771,-2.04315084712117,-1.65932394373932,25.2803226221537,13.1276901004304,8
"young","male","brown","ilow","ehigh","youngmalebrownilowehigh",173,25.7320206416496,25.5266376508232,26.2329525404805,24.8457098309623,0.140050854160535,0.183467256783105,0.105411941723539,-1.80570362709503,-1.51276845090057,-2.13146017255668,-1.77226126817869,25.527481610051,13.2947976878613,13
"young","male","brown","imid","elow","youngmalebrownimidelow",434,25.7298590282823,25.6868876306305,26.2377059292494,25.1902576072146,0.160840324639826,0.196437927100886,0.127904005002416,-1.64402136771302,-1.40406937648401,-1.88994440254948,-1.5364102651579,25.6481621683148,15.4377880184332,17
"young","male","brown","imid","emid","youngmalebrownimidemid",1160,25.742094847852,25.7331110828106,26.1671668313014,25.2860813052023,0.159003811186798,0.186141428168806,0.135719327606049,-1.66188899796035,-1.47509593339131,-1.8437129669005,-1.57002564800706,25.7118763171094,15.7758620689655,18
"young","male","brown","imid","ehigh","youngmalebrownimidehigh",349,26.3444989498172,26.2533857277119,26.8614030238989,25.6637118985581,0.175338690709579,0.218390437796768,0.140006853022114,-1.55352803076961,-1.28189184088861,-1.83021574828199,-1.68296297244643,26.300901415173,18.3381088825215,38
"young","male","brown","ihigh","elow","youngmalebrownihighelow",98,26.5493050739507,26.3001316243334,27.0538073333081,25.5222945137805,0.188154291200333,0.247197819923561,0.139039549174555,-1.47281054097234,-1.10961516658487,-1.81100755212026,-1.57651577104746,26.4628662404787,21.4285714285714,41
"young","male","brown","ihigh","emid","youngmalebrownihighemid",482,26.7549602934994,26.6591562217237,27.1978820591403,26.1496636760182,0.192462289825313,0.234166018866888,0.160262720006229,-1.43546686302296,-1.19875190340703,-1.67383808529917,-1.61013115389662,26.7514364139443,20.1244813278008,70
"young","male","brown","ihigh","ehigh","youngmalebrownihighehigh",614,27.059331276385,26.9552855430999,27.466222484805,26.4613112937668,0.190181028673241,0.224869926487686,0.155968475378474,-1.44446024469167,-1.24372423221644,-1.65330595416267,-1.72306847833599,27.0728896235638,20.0325732899023,85
"young","female","white","ilow","elow","youngfemalewhiteilowelow",361,26.7695567040729,26.6331202424417,27.1943438453901,26.0690151860686,0.229424444303894,0.27349402477389,0.189140446448918,-1.21840670920056,-0.984882694333247,-1.44697096277724,-1.43883353018792,26.7661832109213,24.3767313019391,69
"young","female","white","ilow","emid","youngfemalewhiteilowemid",710,25.8460848246926,25.8173814905086,26.2770774550546,25.3425335115746,0.175954030039683,0.208625940038685,0.147027035510056,-1.54800189439451,-1.33170203045551,-1.76795201589179,-1.47244891303708,25.8015369802917,17.3239436619718,21
"young","female","white","ilow","ehigh","youngfemalewhiteilowehigh",175,25.3822098699253,25.2755266926347,25.9257352380662,24.5296406129005,0.171154820947737,0.217268965561185,0.132060523482875,-1.57815951401002,-1.26771073273457,-1.89102856177573,-1.58538623747645,25.1141814165491,17.1428571428571,6
"young","female","white","imid","elow","youngfemalewhiteimidelow",122,27.4479508197437,27.1015177244539,27.8602025096431,26.3796506986773,0.251856333203815,0.312222583421246,0.194699810210259,-1.0914599451514,-0.765992483832066,-1.39069766876398,-1.34953523445566,27.621086686314,30.327868852459,95
"young","female","white","imid","emid","youngfemalewhiteimidemid",563,26.0066253839761,25.9838335955897,26.4641258220564,25.4739575084641,0.194182599561596,0.231444317500928,0.159657655291526,-1.42128450314042,-1.2018589881222,-1.62765419977571,-1.38315061730482,25.9598364698716,19.360568383659,27
"young","female","white","imid","ehigh","youngfemalewhiteimidehigh",427,25.2509281007297,25.24855789008,25.8083807480615,24.706098550396,0.160965780204991,0.19895332641465,0.129915363020146,-1.64613165387316,-1.38744450372222,-1.90092651785096,-1.49608794174419,25.1309555950025,15.2224824355972,5
"young","female","white","ihigh","elow","youngfemalewhiteihighelow",35,26.1085505726716,25.9036400748487,26.9465783786111,24.9017903529363,0.216034117056658,0.285556591748817,0.15726921028102,-1.28376760646229,-0.88882683074503,-1.68920052260251,-1.38964074034522,25.4518183246298,28.5714285714286,24
"young","female","white","ihigh","emid","youngfemalewhiteihighemid",314,25.6026307131433,25.5851026090054,26.194551842528,25.016848952185,0.16502235763703,0.204936272525533,0.131387738155734,-1.62039486476021,-1.35196586384006,-1.88767500972939,-1.42325612319438,25.4763688269028,14.968152866242,15
"young","female","white","ihigh","ehigh","youngfemalewhiteihighehigh",1102,24.2928103622388,24.3171629709959,24.731773150946,23.8697123367058,0.112830696839684,0.134529652288537,0.0939782992151754,-2.0586280376398,-1.85692696354065,-2.27722300091409,-1.53619344763375,24.217692093673,10.1633393829401,1
"young","female","black","ilow","elow","youngfemaleblackilowelow",214,26.9019304113113,26.7323342159111,27.3403774166938,26.0736827116835,0.254043807330048,0.31207405823847,0.20543337602508,-1.08470598373498,-0.800344411261432,-1.3296643099381,-1.31302626891748,26.9166098904085,28.0373831775701,75
"young","female","black","ilow","emid","youngfemaleblackilowemid",419,26.2872991564228,26.2270918459412,26.7694385783741,25.6744278872476,0.229101343720398,0.27495212364442,0.190166621034938,-1.20465824022978,-0.981893673007282,-1.44544428978552,-1.34664165176663,26.2464896010427,23.6276849642005,34
"young","female","black","ilow","ehigh","youngfemaleblackilowehigh",83,26.8940875421075,26.5127639922994,27.3812811018078,25.678427801251,0.212683117988585,0.275692530029037,0.15890253104584,-1.31289105614071,-0.974658833700779,-1.68192531218875,-1.459578976206,26.9288240791167,25.3012048192771,60
"young","female","black","imid","elow","youngfemaleblackimidelow",36,26.8681091564366,26.6013574688427,27.6023761626422,25.656444133486,0.23718575191988,0.320321146753124,0.175059548026983,-1.15870898901286,-0.763853804002695,-1.52377609778943,-1.22372797318522,26.9244322205108,27.7777777777778,66
"young","female","black","imid","emid","youngfemaleblackimidemid",212,26.2724523714209,26.2541380871361,26.895489136181,25.5785905015066,0.203562628974695,0.256593037377629,0.158845763923669,-1.373106223562,-1.08957188558811,-1.65388201844385,-1.25734335603438,26.1894895045352,18.8679245283019,39
"young","female","black","imid","ehigh","youngfemaleblackimidehigh",123,26.5651163158562,26.4318766549823,27.1728765193714,25.6452911288874,0.203858081468813,0.256981314152222,0.15583620907613,-1.35808673442185,-1.03999537346637,-1.67522253808876,-1.37028068047375,26.5004795615825,20.3252032520325,55
"young","female","black","ihigh","elow","youngfemaleblackihighelow",7,26.5174758872378,26.3094779539695,27.4543877938344,25.1300039569628,0.20996085655538,0.29126959218354,0.146942548632647,-1.33211084317875,-0.913137125952285,-1.74115538271317,-1.26383347907477,25.1575926748537,0,42
"young","female","black","ihigh","emid","youngfemaleblackihighemid",52,26.2318412383094,26.1710852177793,27.0547503083095,25.2094232166256,0.201831933825446,0.268906421027846,0.148910621683156,-1.36250427248521,-0.965534954147961,-1.7373837593378,-1.29744886192393,25.867889207863,17.3076923076923,33
"young","female","black","ihigh","ehigh","youngfemaleblackihighehigh",129,25.5629152436807,25.5770664860994,26.319593599434,24.790549394544,0.178336781944793,0.232162728848277,0.132583030121812,-1.53468697996564,-1.20268916727723,-1.83951083591004,-1.4103861863633,25.2454414862706,15.5038759689922,14
"young","female","brown","ilow","elow","youngfemalebrownilowelow",1279,26.9122019237766,26.8620643823179,27.2970362531699,26.440959693422,0.252977586887024,0.285781287777769,0.223097752882031,-1.08549082700003,-0.905931076142156,-1.26216435861496,-1.42898933852968,26.9149225358843,25.9577795152463,81
"young","female","brown","ilow","emid","youngfemalebrownilowemid",2129,25.8755736671653,25.8680043201313,26.2636684535363,25.4843227321628,0.182546141306793,0.207397451304249,0.159287350201434,-1.4998513944772,-1.34899968175263,-1.66745092418799,-1.46260472137884,25.8611735434841,18.1775481446688,22
"young","female","brown","ilow","ehigh","youngfemalebrownilowehigh",421,24.9384943808817,24.9064090712472,25.4638413530186,24.3731630217887,0.146508233354325,0.179365441605954,0.1156098711739,-1.76086279831789,-1.49661279412603,-2.00981613607833,-1.57554204581821,24.7923729757813,13.5391923990499,2
"young","female","brown","imid","elow","youngfemalebrownimidelow",193,27.2403206363978,27.0390798234154,27.6956326857378,26.3731421602992,0.2592189052974,0.320217097033768,0.208398914250499,-1.04723441207682,-0.76261049310919,-1.31654139743531,-1.33969104279742,27.3143363972389,29.5336787564767,90
"young","female","brown","imid","emid","youngfemalebrownimidemid",996,25.9543290361642,25.9621309549939,26.3848135919535,25.5248761831502,0.177143143414089,0.207875436728989,0.150602640961732,-1.53411587326642,-1.34647404034244,-1.7353088296627,-1.37330642564658,25.9261519820791,17.3694779116466,26
"young","female","brown","imid","ehigh","youngfemalebrownimidehigh",524,25.6430084306987,25.6337572157187,26.1275718663112,25.1161117387475,0.18201587273555,0.222604690254591,0.148848966497841,-1.49152792563749,-1.28390937591015,-1.73183920203861,-1.48624375008595,25.5698852605533,18.3206106870229,16
"young","female","brown","ihigh","elow","youngfemalebrownihighelow",23,26.9346997489629,26.3949791275016,27.4590763331737,25.4020244578865,0.221844462067653,0.300452522756918,0.160939622496502,-1.26567867494371,-0.861606849648502,-1.64504550171078,-1.37979654868698,27.1182017374399,34.7826086956522,48
"young","female","brown","ihigh","emid","youngfemalebrownihighemid",260,25.4564658539969,25.4679558543393,26.1018141556141,24.7963528736681,0.167212597867097,0.208018524335569,0.132006005982064,-1.60289602323552,-1.32505359760373,-1.8912008846179,-1.41341193153614,25.285467267346,15,10
"young","female","brown","ihigh","ehigh","youngfemalebrownihighehigh",610,25.0188728494061,25.0248608284706,25.4989630032086,24.5872662005914,0.13819185174692,0.168598800119655,0.110681718571248,-1.82523024698973,-1.61029489427984,-2.05570984163515,-1.52634925597551,24.9223644177603,12.6229508196721,3
"mid","male","white","ilow","elow","midmalewhiteilowelow",664,26.3489142580064,26.384217709194,26.858037682792,25.9092413542477,0.187431093938062,0.221958639146488,0.158156710551942,-1.47347138442059,-1.26359666327053,-1.68312604170221,-1.24537736588063,26.32621826748,17.921686746988,46
"mid","male","white","ilow","emid","midmalewhiteilowemid",312,27.3367410955299,27.3305076010652,27.8666821035428,26.7788046871283,0.239513522896672,0.289444013704247,0.199134326431445,-1.1539060894426,-0.893969219815384,-1.39735494799729,-1.27899274872979,27.3927035758099,25,117
"mid","male","white","ilow","ehigh","midmalewhiteilowehigh",54,27.2393610359081,27.2081279386261,28.2412329067978,26.253562260237,0.210954547041438,0.279422111913557,0.156946939648078,-1.32415383943537,-0.942621158616074,-1.69660480221494,-1.39193007316916,27.5033136459331,24.0740740740741,105
"mid","male","white","imid","elow","midmalewhiteimidelow",623,27.3742770558809,27.3892691290457,27.8544729593193,26.9062918714183,0.256760756481693,0.300505803538811,0.219872990738896,-1.06059667183411,-0.84264941726308,-1.26422680537908,-1.15607907014838,27.4042873322596,26.1637239165329,120
"mid","male","white","imid","emid","midmalewhiteimidemid",532,27.5845545686611,27.6063639234987,28.1101450160416,27.096852653222,0.230575825915582,0.269079455318101,0.195893917932117,-1.2091900021138,-0.984314199073388,-1.40383612211174,-1.18969445299754,27.6327145613093,22.9323308270676,134
"mid","male","white","imid","ehigh","midmalewhiteimidehigh",165,27.9416670937096,27.9194936142237,28.5604163437571,27.2476166157094,0.253031048924968,0.312713183602804,0.201128328471403,-1.07537235637447,-0.778774928354598,-1.3720132039732,-1.30263177743691,28.1682204225796,28.4848484848485,155
"mid","male","white","ihigh","elow","midmalewhiteihighelow",339,28.0787929732567,28.0699844617358,28.585766881383,27.5343298234937,0.269733717005746,0.319118709086626,0.222961775685989,-0.998581801585176,-0.760079852161819,-1.23967028331801,-1.19618457603793,28.2023830442786,28.3185840707964,159
"mid","male","white","ihigh","emid","midmalewhiteihighemid",574,27.8655909428567,27.8681306280159,28.3535150514387,27.3868600741904,0.250547861829597,0.295478476983829,0.213854230179187,-1.08609420745679,-0.889147849244026,-1.29220701169997,-1.22979995888709,27.9263505456021,25.7839721254355,153
"mid","male","white","ihigh","ehigh","midmalewhiteihighehigh",1100,27.6289386236342,27.6334257303432,28.0231667958724,27.2202654220834,0.230163392211023,0.261855318848639,0.199676422564779,-1.20372939928606,-1.03308780401207,-1.38191690199884,-1.34273728332646,27.6535592974078,23.3636363636364,138
"mid","male","black","ilow","elow","midmaleblackilowelow",371,26.2218982102335,26.3401584550568,26.9048744725809,25.7825362666838,0.185078343968689,0.223603823062742,0.149726830461789,-1.47968039444489,-1.23331529813596,-1.74270869759738,-1.11957010461019,26.1700034864587,16.1725067385445,43
"mid","male","black","ilow","emid","midmaleblackilowemid",142,26.9946944530767,27.1469024075826,27.8386953569652,26.4039906133994,0.227757646615521,0.28624224009254,0.178568629802468,-1.21844507664454,-0.890159191678825,-1.52609815486268,-1.15318548745935,27.0383300158863,21.830985915493,100
"mid","male","black","ilow","ehigh","midmaleblackilowehigh",24,26.8282853676085,27.1442533479263,28.317504127303,26.1078199706081,0.207466948579818,0.27497910019489,0.148178472642952,-1.3394844259331,-0.93968595538569,-1.73507554582541,-1.26612281189872,26.8581262335138,12.5,98
"mid","male","black","imid","elow","midmaleblackimidelow",235,26.9988233946269,27.1404844273034,27.7835267361426,26.5036172497615,0.231836701626372,0.28519838376444,0.188918015154497,-1.18419436988087,-0.913390114725963,-1.47566775082534,-1.03027180887794,27.0257690174867,21.7021276595745,97
"mid","male","black","imid","emid","midmaleblackimidemid",202,27.9743881970128,28.0436059922895,28.6491620731517,27.3590779735217,0.295488191921579,0.355168317417965,0.246918670156083,-0.850342185538374,-0.575244115172307,-1.11921160071502,-1.06388719172709,28.1647785339015,32.1782178217822,158
"mid","male","black","imid","ehigh","midmaleblackimidehigh",67,27.7192365749466,27.8725852529606,28.713029775338,26.9861888604411,0.234538154824346,0.306207990583179,0.175822882649494,-1.16916999388566,-0.796846824049185,-1.48461730170995,-1.17682451616646,28.1678391265047,23.8805970149254,154
"mid","male","black","ihigh","elow","midmaleblackihighelow",101,27.298941310401,27.5405073810013,28.3166420067702,26.7397600350859,0.254992559043493,0.323478803332661,0.195564218152102,-1.05608042900348,-0.743704175613373,-1.369832611358,-1.07037731476749,27.4594907897586,25.7425742574257,131
"mid","male","black","ihigh","emid","midmaleblackihighemid",167,27.4840503714295,27.6414162049327,28.3516201908012,26.9739293459513,0.265393160903461,0.327211817491195,0.2148123378126,-1.01216065439618,-0.735088442330046,-1.30426621718641,-1.10399269761665,27.6176514566969,27.5449101796407,139
"mid","male","black","ihigh","ehigh","midmaleblackihighehigh",155,28.2103868963578,28.2347576297523,28.9866439017005,27.5318819106221,0.276667770147631,0.338206392646253,0.22340966663607,-0.962107539928699,-0.657357836632944,-1.2584272766874,-1.21693002205602,28.5086487951837,31.6129032258064,162
"mid","male","brown","ilow","elow","midmalebrownilowelow",1782,26.420691053587,26.4310756242509,26.8126223320022,26.0484103653489,0.185465201249941,0.212658990501536,0.161557932413655,-1.48272783905968,-1.32844658667183,-1.64081155112915,-1.2355331742224,26.4135606193442,18.1818181818182,54
"mid","male","brown","ilow","emid","midmalebrownilowemid",691,26.678026741875,26.7117427892291,27.2041396564654,26.1963750946002,0.205318450898779,0.24187258148998,0.172663023079467,-1.35148842123065,-1.13771765754718,-1.55192780450101,-1.26914855707155,26.6719022374413,20.260492040521,73
"mid","male","brown","ilow","ehigh","midmalebrownilowehigh",90,27.2434688791794,27.2107607140747,28.1066697932036,26.3781975486543,0.205699701668163,0.274340924110063,0.155096395118734,-1.35185403856526,-1.01541430574803,-1.69442398884286,-1.38208588151092,27.4033435191848,21.1111111111111,107
"mid","male","brown","imid","elow","midmalebrownimidelow",988,26.8882790188736,26.9266090748098,27.335136076942,26.4593882709108,0.215730631504862,0.250044254438695,0.187599503463782,-1.2808362065191,-1.10216759825775,-1.46906442730112,-1.14623487849014,26.8910035637057,21.3562753036437,84
"mid","male","brown","imid","emid","midmalebrownimidemid",729,27.7212640330416,27.7490264037693,28.2031181573025,27.276424792559,0.24952794337813,0.292332220523836,0.214094883952716,-1.08842012190231,-0.880812482828901,-1.29601900498406,-1.1798502613393,27.7625852097284,25.3772290809328,147
"mid","male","brown","imid","ehigh","midmalebrownimidehigh",236,27.7076612842058,27.7163464974888,28.3636149510489,27.0712128982996,0.231850265705242,0.285114812984428,0.1882625828934,-1.17837989546524,-0.938021290870292,-1.46872463575825,-1.29278758577867,27.833403578569,24.1525423728814,146
"mid","male","brown","ihigh","elow","midmalebrownihighelow",356,27.5111906093768,27.5446625996727,28.1097764520211,26.9917259411953,0.25898106516832,0.306846484590236,0.216364652714207,-1.05432996492438,-0.811559830094191,-1.29984574121801,-1.18634038437969,27.5763736004498,26.685393258427,132
"mid","male","brown","ihigh","emid","midmalebrownihighemid",584,27.6941250788817,27.7073797639131,28.2247690490238,27.2397098797006,0.250352271038622,0.294269686614323,0.214593619111496,-1.08765954762316,-0.872333977380795,-1.30248846133395,-1.21995576722885,27.7441754495996,25.6849315068493,145
"mid","male","brown","ihigh","ehigh","midmalebrownihighehigh",594,27.7921088807443,27.7819615488663,28.2498600133716,27.3193225221609,0.248599026798207,0.290435136118447,0.211650601624797,-1.09862730261121,-0.892856641510976,-1.32127949908425,-1.33289309166822,27.8467488663133,25.7575757575757,148
"mid","female","white","ilow","elow","midfemalewhiteilowelow",610,27.6199065798622,27.6074651546996,28.0805743975681,27.1266936865928,0.283322885848674,0.324220072036011,0.244463460597396,-0.929278528158034,-0.721945680608472,-1.12868194375088,-1.04865814352015,27.6638169144845,28.6885245901639,135
"mid","female","white","ilow","emid","midfemalewhiteilowemid",453,27.4576904124785,27.4640401296105,28.0032676658976,26.9851101814192,0.263294766599246,0.306390788445978,0.222502463716207,-1.03620948248246,-0.792275994190273,-1.26399095997706,-1.08227352636931,27.5050266448552,26.4900662251656,127
"mid","female","white","ilow","ehigh","midfemalewhiteilowehigh",123,26.3250729303049,26.5139928675423,27.1751828927822,25.7499947286542,0.206504947727998,0.264882728528514,0.156487025059276,-1.33930502524194,-1.04053963640642,-1.6729173214914,-1.19521085080868,26.196168346106,17.8861788617886,61
"mid","female","white","imid","elow","midfemalewhiteimidelow",467,27.8111118557849,27.8403109605189,28.3773578845283,27.292939616617,0.297378520062304,0.346042670869767,0.255928256462411,-0.853994205524526,-0.644311772444425,-1.06568545214214,-0.959359847787898,27.8819511369094,30.406852248394,151
"mid","female","white","imid","emid","midfemalewhiteimidemid",604,27.1069449419642,27.1699215014692,27.6791860143992,26.6926282672361,0.256571295859399,0.295834957660768,0.219974614929631,-1.05433746428587,-0.86194769623799,-1.26757322406143,-0.992975230637057,27.1233237590783,25.4966887417219,102
"mid","female","white","imid","ehigh","midfemalewhiteimidehigh",337,26.3555687573379,26.4944475830939,27.0535377173348,25.9292685509335,0.198098984068423,0.241948072001781,0.16117926330711,-1.39972475483504,-1.14258653080939,-1.64316471476099,-1.10591255507643,26.3115005189682,17.8041543026706,58
"mid","female","white","ihigh","elow","midfemalewhiteihighelow",221,27.6104388371274,27.6866094564588,28.3227349761374,27.0272434961931,0.269577806013627,0.326899350462531,0.218828248084897,-0.994625374198546,-0.730096865246522,-1.25736435602751,-0.999465353677452,27.7302285156396,27.1493212669683,142
"mid","female","white","ihigh","emid","midfemalewhiteihighemid",492,26.891677741554,26.959726619928,27.5088274234733,26.4023552145004,0.224908907795533,0.266445800894151,0.18626979255541,-1.23313710308781,-1.00057900989476,-1.45513076681358,-1.03308073652661,26.897376470585,21.5447154471545,86
"mid","female","white","ihigh","ehigh","midfemalewhiteihighehigh",1303,25.8443205388648,25.8968011292701,26.2974285789628,25.4589901389289,0.169026168521536,0.195844522170761,0.144889144819406,-1.58827221477524,-1.40870709830313,-1.77117751419795,-1.14601806096598,25.8200019895425,16.1166538756715,23
"mid","female","black","ilow","elow","midfemaleblackilowelow",302,28.1711707522959,28.1771970001712,28.7854940917071,27.5986354277474,0.333122753063769,0.388423073426329,0.285467550336018,-0.690934999800053,-0.453852429727432,-0.912201175705005,-0.92285088224971,28.3199759023989,35.0993377483444,161
"mid","female","black","ilow","emid","midfemaleblackilowemid",229,27.5611183005988,27.6157263706392,28.3110203239068,27.0159298630152,0.296257959853243,0.348637862618413,0.245222899524474,-0.863243395929938,-0.598392864003888,-1.12713810649211,-0.956466265098869,27.6696306546871,30.5676855895196,136
"mid","female","black","ilow","ehigh","midfemaleblackilowehigh",53,27.2248025467744,27.3721846522822,28.2959068534189,26.3848554676601,0.267817282164575,0.342850663221865,0.208824122953557,-0.990389419097076,-0.628996680520199,-1.35435832342563,-1.06940358953824,27.4846895434977,30.188679245283,119
"mid","female","black","imid","elow","midfemaleblackimidelow",149,27.9860536446174,28.1054031100769,28.8528788985754,27.3785094973218,0.290869750741127,0.353806598538284,0.236023354675297,-0.885540615606644,-0.588509757412022,-1.17340785890792,-0.833552586517455,28.2467449635424,28.1879194630873,160
"mid","female","black","imid","emid","midfemaleblackimidemid",220,27.6934833653266,27.8281816364734,28.4519321167448,27.1640466884903,0.301564266210311,0.357868780207723,0.249040686760927,-0.838990639876701,-0.546153102874544,-1.10634676205834,-0.867167969366613,27.826248292743,30.4545454545454,150
"mid","female","black","imid","ehigh","midfemaleblackimidehigh",82,27.0990114437263,27.4255691179606,28.2813987790598,26.5524326384519,0.266130286518696,0.341226759452886,0.207901209651534,-1.01237295697596,-0.676595519580295,-1.34602556233661,-0.980105293805983,27.2164693101804,25.609756097561,122
"mid","female","black","ihigh","elow","midfemaleblackihighelow",36,26.9144741034663,27.4905712685066,28.5004615754743,26.514571626626,0.268647599054569,0.349740236795928,0.201468581927896,-0.985539123741704,-0.612227518397073,-1.37779162419752,-0.873658092407009,27.0132099017557,19.4444444444444,129
"mid","female","black","ihigh","emid","midfemaleblackihighemid",99,27.1501238582595,27.4479066596881,28.2771080501011,26.6552086288753,0.285593431358079,0.352914661068897,0.221626796640762,-0.912565658774822,-0.57841077638194,-1.23923375325555,-0.907273475256167,27.2644141997122,28.2828282828283,124
"mid","female","black","ihigh","ehigh","midfemaleblackihighehigh",144,27.4790401224433,27.6321506213694,28.3466382355023,26.9183349971388,0.254497247700848,0.323382065288975,0.202169846686223,-1.04100684398991,-0.739282631233664,-1.35895943517637,-1.02021079969554,27.6328344778489,25,137
"mid","female","brown","ilow","elow","midfemalebrownilowelow",1556,27.9872059806353,27.9731838135044,28.386969755952,27.5672064168231,0.299711981940264,0.331636313709554,0.265391000878089,-0.847570139004288,-0.691608157154685,-1.00570726259001,-1.03881395186191,28.0121937405678,30.2056555269923,156
"mid","female","brown","ilow","emid","midfemalebrownilowemid",1065,27.6392332792758,27.6443942272126,28.0591251569575,27.2069621980948,0.28978694514944,0.325103214892517,0.253502342410742,-0.897217495053944,-0.708179870389779,-1.07226542439327,-1.07242933471107,27.6649814085196,29.2957746478874,140
"mid","female","brown","ilow","ehigh","midfemalebrownilowehigh",204,27.4940207937066,27.4787752155618,28.1656823335603,26.8354744697187,0.261695857310589,0.314334346189164,0.210032196578688,-1.03790370320381,-0.764371845256756,-1.33468536427609,-1.18536665915044,27.6049998148042,27.9411764705882,128
"mid","female","brown","imid","elow","midfemalebrownimidelow",610,28.0031999394238,28.0194502736203,28.5356604245676,27.5474220410203,0.323372421128119,0.367527239015952,0.281075970385972,-0.731685793226808,-0.556657639185973,-0.932636299951748,-0.949515656129659,28.06780265494,33.1147540983606,157
"mid","female","brown","imid","emid","midfemalebrownimidemid",904,27.2904517635701,27.3328630576605,27.7967442883506,26.8548843074797,0.260883224760647,0.297549534777088,0.230203728208169,-1.02960745487166,-0.840117354372871,-1.21679982860045,-0.983131038978817,27.3080799997635,26.1061946902655,118
"mid","female","brown","imid","ehigh","midfemalebrownimidehigh",405,27.195327228005,27.26547863113,27.8320754860725,26.7034222601356,0.241579380953273,0.288560705087061,0.201457800598057,-1.13395236969621,-0.908121670094839,-1.36350979572989,-1.09606836341819,27.226940437818,23.9506172839506,114
"mid","female","brown","ihigh","elow","midfemalebrownihighelow",172,27.3283524527654,27.4528080021524,28.1868994931789,26.7586511865785,0.243975188369071,0.300186017574041,0.195233932820595,-1.12448587290759,-0.84456715260352,-1.41696458433202,-0.989621162019213,27.4282596902896,22.6744186046512,125
"mid","female","brown","ihigh","emid","midfemalebrownihighemid",418,26.9785765001694,27.0671926900425,27.5831423859793,26.5394818438687,0.224352314237107,0.269934247754308,0.187785170630015,-1.2378680278094,-0.987437487794037,-1.46749476347633,-1.02323654486837,26.9921302432779,21.2918660287081,93
"mid","female","brown","ihigh","ehigh","midfemalebrownihighehigh",762,26.4017546522803,26.4635595231202,26.908702833923,26.0107181388299,0.188689561813622,0.221773332097927,0.161185747976176,-1.44990469003993,-1.24151669820854,-1.64562342818329,-1.13617386930774,26.3842611689222,17.8477690288714,56
"old","male","white","ilow","elow","oldmalewhiteilowelow",573,26.1728915275064,26.1662153511951,26.6352485096823,25.6566943212347,0.18068324055034,0.21802327894049,0.149502027449541,-1.52286874473625,-1.30874580337192,-1.74944333039425,-1.38610689969527,26.1364747792186,17.4520069808028,32
"old","male","white","ilow","emid","oldmalewhiteilowemid",108,27.1386443998511,26.9945228379846,27.806631098637,26.2571076227118,0.214777432976535,0.275512973374207,0.164978208247336,-1.29149897425172,-0.985832066546877,-1.61739966306184,-1.41972228254443,27.239910235067,24.0740740740741,87
"old","male","white","ilow","ehigh","oldmalewhiteilowehigh",28,26.8194459406266,26.5761964644145,27.663831383868,25.5625718212701,0.17813105210517,0.24269143682573,0.12987630182508,-1.54413335669501,-1.1134271431798,-1.95994528467328,-1.5326596069838,26.8346276146929,17.8571428571429,63
"old","male","white","imid","elow","oldmalewhiteimidelow",1413,26.2312167527694,26.2459146939483,26.6316645958693,25.8611134541464,0.18760151451043,0.216836119694255,0.16334949401824,-1.46361919219731,-1.29217586134571,-1.63419807412132,-1.29680860396302,26.2178083517013,18.6128803963199,37
"old","male","white","imid","emid","oldmalewhiteimidemid",325,26.7159189956026,26.7376100657569,27.365347967281,26.1382588790862,0.201275476947558,0.249035782608919,0.163423130292235,-1.36839559965188,-1.12377716828374,-1.62903400644022,-1.33042398681218,26.7067368693898,20,76
"old","male","white","imid","ehigh","oldmalewhiteimidehigh",112,27.2159132853268,27.1617515301684,27.9487013451453,26.3813679318361,0.205572739982335,0.264293631786327,0.157677117572905,-1.35608049253795,-0.999231974130864,-1.69881500075536,-1.44336131125154,27.3362818192932,22.3214285714286,101
"old","male","white","ihigh","elow","oldmalewhiteihighelow",1068,26.7341102643901,26.7484704225805,27.1552467252452,26.2874471851146,0.197464437251951,0.229937495815195,0.16957965213757,-1.40007664933929,-1.20768147178225,-1.57297010413684,-1.33691410985257,26.7318769978058,19.6629213483146,77
"old","male","white","ihigh","emid","oldmalewhiteihighemid",736,27.2907816642097,27.2614792309397,27.7333150788518,26.7923192263469,0.243149032158555,0.278265965627942,0.209830848617285,-1.13789963111629,-0.945644409899648,-1.33017495143609,-1.37052949270173,27.3124484978765,25,112
"old","male","white","ihigh","ehigh","oldmalewhiteihighehigh",1045,27.330582857464,27.3220341475233,27.7260477389608,26.8716364619804,0.213268700231529,0.246940656069096,0.182868994588885,-1.30434003714529,-1.10072483247663,-1.48005656353181,-1.4834668171411,27.3470972067485,21.8181818181818,116
"old","male","black","ilow","elow","oldmaleblackilowelow",250,25.6192965934884,25.7456002350614,26.3942743190073,25.1198082111876,0.164395960983642,0.206186493215454,0.128034842756933,-1.6391373861418,-1.35517906691282,-1.91744098385943,-1.26029963842483,25.4629069814413,12.8,19
"old","male","black","ilow","emid","oldmaleblackilowemid",36,26.5701022731435,26.6955990038089,27.7860145268704,25.6872413200638,0.20252180882357,0.268875703778315,0.145053617510642,-1.38347453357293,-0.987553581221018,-1.7638003883053,-1.29391502127399,26.3538209767019,13.8888888888889,72
"old","male","black","ilow","ehigh","oldmaleblackilowehigh",5,26.5503422650754,26.6062308589926,27.8741898391216,25.4313547090624,0.190658541627889,0.272537536937567,0.131528672215849,-1.45086110774606,-1.03287391732453,-1.85516104081086,-1.40685234571336,24.8629723414623,0,67
"old","male","black","imid","elow","oldmaleblackimidelow",427,25.8906331853086,25.9923129591782,26.5049149108902,25.4225514220003,0.186830716788219,0.230337132348175,0.150376774292106,-1.46163591417054,-1.21098206551601,-1.72526214919711,-1.17100134269257,25.8199963383236,17.096018735363,28
"old","male","black","imid","emid","oldmaleblackimidemid",80,26.8772922168972,27.0405839556085,27.879772074863,26.197417857836,0.227523126397957,0.291866680872006,0.171857181172719,-1.20896184883577,-0.838243701561072,-1.56819479977823,-1.20461672554173,26.9064177233355,22.5,91
"old","male","black","imid","ehigh","oldmaleblackimidehigh",14,27.485195066538,27.4582454637925,28.6815014820382,26.3823305179534,0.239321167800673,0.319277291502669,0.167665167665903,-1.17608997062343,-0.753397913235503,-1.5571620057676,-1.3175540499811,29.0815577485963,50,126
"old","male","black","ihigh","elow","oldmaleblackihighelow",198,26.2339614697382,26.4156890064965,27.0649397793154,25.7284198126451,0.186522976618525,0.239536575022279,0.144581552582568,-1.45956180024177,-1.15292805560833,-1.77646232306675,-1.21110684858213,26.1387307445599,15.6565656565657,53
"old","male","black","ihigh","emid","oldmaleblackihighemid",95,27.1890562075992,27.2620755179247,28.0401679682574,26.4246112379454,0.226989485636826,0.290366765055344,0.176675602674639,-1.22450309782773,-0.887412835777971,-1.5408565506384,-1.24472223143129,27.3216544924293,23.1578947368421,113
"old","male","black","ihigh","ehigh","oldmaleblackihighehigh",75,27.1822339379171,27.2331320856443,28.0617163076755,26.4262180988163,0.209603603720663,0.277917283894348,0.158267776441226,-1.30519004110132,-0.94955649220343,-1.66984495223076,-1.35765955587066,27.3471962150214,22.6666666666667,108
"old","male","brown","ilow","elow","oldmalebrownilowelow",1154,25.9126287801546,25.9089864083312,26.3305532178436,25.4976152613784,0.172397256915056,0.202547791733397,0.146550543896724,-1.56685875274171,-1.3961498209836,-1.7630583178813,-1.37626270803703,25.8871196034515,16.8110918544194,25
"old","male","brown","ilow","emid","oldmalebrownilowemid",177,26.8026657656002,26.7323079760212,27.4993350502462,26.0968265685785,0.200669715595978,0.25414726169505,0.156304545994329,-1.38228389410389,-1.0995922294604,-1.69559203103334,-1.40987809088619,26.801945391208,20.3389830508475,74
"old","male","brown","ilow","ehigh","oldmalebrownilowehigh",15,26.5834203840583,26.385756706711,27.5479066212013,25.3029354526353,0.16897793234391,0.230807841698061,0.118702988055349,-1.57306862401459,-1.15781779181289,-2.00374691529575,-1.52281541532556,26.0935841283114,6.66666666666667,47
"old","male","brown","imid","elow","oldmalebrownimidelow",1891,25.7962993040454,25.803072774447,26.1559217303821,25.4093357200858,0.148765647339225,0.173165482798026,0.127692639931954,-1.74183316181916,-1.57944757010436,-1.90568065817856,-1.28696441230478,25.7787062464441,14.3310417768377,20
"old","male","brown","imid","emid","oldmalebrownimidemid",330,26.5484140493473,26.5905106010107,27.1772162723223,26.0719956310163,0.185707538249331,0.225532356644293,0.149191882479616,-1.46286899233135,-1.22008786363608,-1.72810373213816,-1.32057979515394,26.5226554181734,17.5757575757576,65
"old","male","brown","imid","ehigh","oldmalebrownimidehigh",66,26.8719992717581,26.8887752007817,27.8458443093338,25.9610511480787,0.193103362420336,0.259740650846246,0.144264793147276,-1.42015170688038,-1.06661966163995,-1.77133176493315,-1.43351711959331,26.9046619520498,19.6969696969697,82
"old","male","brown","ihigh","elow","oldmalebrownihighelow",794,26.5482811953566,26.5581104588257,26.9915653816289,26.0758836732815,0.191141678574856,0.224631621260514,0.160145859067698,-1.44052498521551,-1.23413368587843,-1.65233566965253,-1.32706991819433,26.5375699568886,18.7657430730479,62
"old","male","brown","ihigh","emid","oldmalebrownihighemid",486,27.6187509510526,27.5875625424525,28.0703495225894,27.0479247421001,0.25576550219777,0.299230862869337,0.214476091028184,-1.06296132454417,-0.840494626192847,-1.27699023112268,-1.36068530104349,27.6737864402489,26.9547325102881,133
"old","male","brown","ihigh","ehigh","oldmalebrownihighehigh",341,27.5018357087531,27.4434313549952,28.01611681642,26.9007799010471,0.209571609311226,0.255447889059587,0.173439788465301,-1.32183004707043,-1.06927428595236,-1.56031309133467,-1.47362262548286,27.5689825582896,21.9941348973607,123
"old","female","white","ilow","elow","oldfemalewhiteilowelow",507,27.2956501979138,27.2524763906118,27.7298254513774,26.7507458593797,0.276429630193224,0.319059182700806,0.237912996518548,-0.956087543484423,-0.749642029444055,-1.15944253638926,-1.18938767733479,27.3274196589993,28.7968441814596,109
"old","female","white","ilow","emid","oldfemalewhiteilowemid",174,27.123961613316,27.0338826229614,27.7475105718129,26.3765122506098,0.252419123345931,0.310944063863487,0.200835736262717,-1.08651161635934,-0.790880764526708,-1.38582005617948,-1.22300306018395,27.1840373995924,27.0114942528736,89
"old","female","white","ilow","ehigh","oldfemalewhiteilowehigh",35,26.9935901453288,26.7850796736622,27.8294482309729,25.7873387824255,0.20514238692568,0.280027067072189,0.152354912890059,-1.34712089336772,-0.983862023696422,-1.7541242406069,-1.33594038462332,27.1695868201415,20,78
"old","female","white","imid","elow","oldfemalewhiteimidelow",1337,27.2685039127357,27.2686915787543,27.6938119647476,26.8586394556994,0.256191702856279,0.287630072049823,0.225235119504743,-1.06688829086094,-0.895671550525127,-1.23006112415721,-1.10008938160254,27.2798824871901,25.5796559461481,115
"old","female","white","imid","emid","oldfemalewhiteimidemid",411,27.2162695542304,27.1929991475901,27.7491820847146,26.7083042840538,0.249993237161409,0.295368769161436,0.210865826637274,-1.09923260313023,-0.865904437106669,-1.32461230049679,-1.13370476445169,27.2490992578944,25.3041362530414,104
"old","female","white","imid","ehigh","oldfemalewhiteimidehigh",137,27.1350173931901,27.1370112780463,27.8564730626042,26.3353370905712,0.217401649859466,0.27508367647585,0.169762917997266,-1.28128048110063,-0.978236628007998,-1.60299463408307,-1.24664208889106,27.2139755546758,21.1678832116788,96
"old","female","white","ihigh","elow","oldfemalewhiteihighelow",1147,27.2656337985203,27.2597826962837,27.6649835978547,26.826568211431,0.26408452128612,0.300759859498262,0.228806329939371,-1.03135244785489,-0.860522396115772,-1.20816113579607,-1.14019488749209,27.2788148250459,26.5039232781168,111
"old","female","white","ihigh","emid","oldfemalewhiteihighemid",920,26.9131794876167,26.9155262852926,27.350644788309,26.5061789846029,0.223145628196498,0.257491470400116,0.193417443716219,-1.23883353996742,-1.05878014305805,-1.44329919517437,-1.17381027034125,26.9169967216851,22.1739130434783,83
"old","female","white","ihigh","ehigh","oldfemalewhiteihighehigh",1319,26.4974059061895,26.5042884846642,26.9162144443903,26.0829951148385,0.196762080517401,0.227939933716545,0.16947058185535,-1.39815334627132,-1.22570048142931,-1.57304219908206,-1.28674759478062,26.4896878521724,19.4844579226687,59
"old","female","black","ilow","elow","oldfemaleblackilowelow",217,27.9253349608779,27.8633615710273,28.4622720530942,27.2115661510277,0.320318533085591,0.378858915913721,0.264933639212937,-0.761607328576086,-0.486574018041749,-1.01814497802481,-1.06358041606435,28.0951204942354,35.0230414746544,152
"old","female","black","ilow","emid","oldfemaleblackilowemid",55,26.6535543065769,26.8124042334766,27.712270459222,25.8510962018614,0.241055611904129,0.314492278733162,0.180100612620425,-1.13387044206596,-0.76634490273994,-1.51561756197542,-1.09719579891351,26.5619553627511,21.8181818181818,79
"old","female","black","ilow","ehigh","oldfemaleblackilowehigh",7,26.7896901050228,26.8421075783548,27.9821921233869,25.6806003198696,0.224991477925679,0.306549700433703,0.160807334947349,-1.23369028756696,-0.80417597523976,-1.65500008571026,-1.21013312335288,26.7104312814509,14.2857142857143,80
"old","female","black","imid","elow","oldfemaleblackimidelow",399,27.3586809880439,27.4056971472829,27.9644256791102,26.8291945437965,0.268974801033524,0.313902439482236,0.228474224135725,-0.990035745548489,-0.753864765802772,-1.23676643153707,-0.974282120332093,27.4042519234911,26.8170426065163,121
"old","female","black","imid","emid","oldfemaleblackimidemid",111,27.7735865399984,27.8040621821738,28.5530611212258,27.0011560475373,0.303733614096572,0.375458881917882,0.242567133976985,-0.81771931885124,-0.515694909592887,-1.13354916636849,-1.00789750318125,28.0604891209705,34.2342342342342,149
"old","female","black","imid","ehigh","oldfemaleblackimidehigh",24,27.6788028023347,27.6536491568214,28.6125892738699,26.6234386608643,0.272610802998676,0.358717495760438,0.200641686591046,-0.968868710101294,-0.581760263660807,-1.37534046273977,-1.12083482762062,28.8756708800232,41.6666666666667,141
"old","female","black","ihigh","elow","oldfemaleblackihighelow",170,27.4621188714976,27.5275455488882,28.2071184052305,26.8286374233574,0.275830506369236,0.338836038623294,0.220742206102476,-0.966776872891912,-0.670069634543771,-1.24792259861416,-1.01438762622165,27.5891138610406,28.2352941176471,130
"old","female","black","ihigh","emid","oldfemaleblackihighemid",103,27.6432707531848,27.6894309985956,28.4476247227004,26.8917152648618,0.277693744786399,0.344109670425753,0.218965960830737,-0.972757499557951,-0.652519325128214,-1.30149132344928,-1.04800300907081,27.9107922769543,29.126213592233,143
"old","female","black","ihigh","ehigh","oldfemaleblackihighehigh",118,26.493302832611,26.6816285982825,27.4950952145636,25.9367521103755,0.194748460481108,0.254911553421006,0.145517141097562,-1.4140449013382,-1.06572775196158,-1.76088779862159,-1.16094033351017,26.4058856051875,14.4067796610169,71
"old","female","brown","ilow","elow","oldfemalebrownilowelow",1002,27.1020872429489,27.0856199868573,27.5194523046572,26.6385226962142,0.262309483020056,0.296431278126193,0.228895631374845,-1.03518842228989,-0.859960748276363,-1.22001199658541,-1.17954348567655,27.1118006512785,26.4471057884232,94
"old","female","brown","ilow","emid","oldfemalebrownilowemid",222,26.4636048852831,26.4692492183465,27.1278948963764,25.8096066017872,0.220998060839903,0.27170648329201,0.176930384301438,-1.25655932639029,-0.976193753730645,-1.52122902473383,-1.21315886852571,26.4127345017782,21.6216216216216,57
"old","female","brown","ilow","ehigh","oldfemalebrownilowehigh",45,26.4626233540469,26.4151120395006,27.3694143399216,25.4844628381265,0.208165539106149,0.279656050551582,0.148501202058672,-1.3403386406739,-0.941494232207489,-1.71401700517583,-1.32609619296508,26.2109445041077,20,52
"old","female","brown","imid","elow","oldfemalebrownimidelow",1559,27.1447777182739,27.1463910257679,27.5239291276098,26.7303267343788,0.248402666892716,0.2796996749588,0.219427671379261,-1.1030661697904,-0.948577395748094,-1.26936233770412,-1.0902451899443,27.1519224831313,24.8877485567672,99
"old","female","brown","imid","emid","oldfemalebrownimidemid",412,27.1909394812319,27.1839854397564,27.7312893281331,26.651611830949,0.241450862828419,0.287927243819788,0.20515586759989,-1.13536141914513,-0.899394639909822,-1.35823481127519,-1.12386057279346,27.2216648592082,24.2718446601942,103
"old","female","brown","imid","ehigh","oldfemalebrownimidehigh",100,27.0430340748759,27.051702575035,27.8885937075977,26.286612005553,0.239283458979023,0.305872394334116,0.183626390174807,-1.14225962970183,-0.847865841855791,-1.4567348499977,-1.23679789723282,27.1209154446474,26,92
"old","female","brown","ihigh","elow","oldfemalebrownihighelow",645,27.7115680318288,27.6972009492832,28.155821532162,27.2014336142331,0.28130335628331,0.321913693507256,0.240276321707194,-0.936072239175559,-0.739352560520081,-1.12561968431015,-1.13035069583385,27.7577755291708,28.8372093023256,144
"old","female","brown","ihigh","emid","oldfemalebrownihighemid",497,27.246218705245,27.2542802382164,27.7783299704772,26.7334690411954,0.25080531974532,0.2963468635414,0.211676848074701,-1.08535793743946,-0.867157986754168,-1.31323998031386,-1.16396607868301,27.2753520512698,25.5533199195171,110
"old","female","brown","ihigh","ehigh","oldfemalebrownihighehigh",506,27.2184103544911,27.2086221127515,27.7021610837863,26.6868494585782,0.241194676686676,0.28396006923388,0.202038533148541,-1.14393059345648,-0.930522683109359,-1.37476956295358,-1.27690340312238,27.2452157054047,24.703557312253,106
